state,group_id,center_lat,center_lon,radius_m,count,path,label
CT,CT001,41.086276,-73.547821,22928,21,/geo_groups/CT001.csv,CT-001
CT,CT002,41.149119,-73.356431,22771,108,/geo_groups/CT002.csv,CT-002
CT,CT003,41.251836,-72.999350,15774,59,/geo_groups/CT003.csv,CT-003
CT,CT004,41.283639,-72.603811,18390,15,/geo_groups/CT004.csv,CT-004
CT,CT005,41.337720,-73.527735,4415,2,/geo_groups/CT005.csv,CT-005
CT,CT006,41.390991,-73.342790,17085,24,/geo_groups/CT006.csv,CT-006
CT,CT007,41.410203,-72.928559,30206,187,/geo_groups/CT007.csv,CT-007
CT,CT008,41.415291,-72.142973,18998,23,/geo_groups/CT008.csv,CT-008
CT,CT009,41.451264,-72.013911,22216,70,/geo_groups/CT009.csv,CT-009
CT,CT010,41.559993,-72.698329,31934,24,/geo_groups/CT010.csv,CT-010
CT,CT011,41.733565,-72.883210,24623,40,/geo_groups/CT011.csv,CT-011
CT,CT012,41.765305,-72.664576,25575,191,/geo_groups/CT012.csv,CT-012
CT,CT013,41.781290,-72.314325,15807,2,/geo_groups/CT013.csv,CT-013
CT,CT014,41.856670,-71.909428,24698,9,/geo_groups/CT014.csv,CT-014
DE,DE001,38.460570,-75.558363,4486,4,/geo_groups/DE001.csv,DE-001
DE,DE002,38.619422,-75.475252,20339,22,/geo_groups/DE002.csv,DE-002
DE,DE003,38.647126,-75.605634,3769,5,/geo_groups/DE003.csv,DE-003
DE,DE004,38.662351,-75.142274,21161,32,/geo_groups/DE004.csv,DE-004
DE,DE005,39.083491,-75.523159,23420,71,/geo_groups/DE005.csv,DE-005
DE,DE006,39.278120,-75.592240,3000,1,/geo_groups/DE006.csv,DE-006
DE,DE007,39.433806,-75.703107,20168,36,/geo_groups/DE007.csv,DE-007
DE,DE008,39.680019,-75.681664,19180,115,/geo_groups/DE008.csv,DE-008
DE,DE009,39.743810,-75.551314,22667,70,/geo_groups/DE009.csv,DE-009
FL,FL001,24.659710,-81.277530,3000,1,/geo_groups/FL001.csv,FL-001
FL,FL002,24.746580,-80.982495,3012,2,/geo_groups/FL002.csv,FL-002
FL,FL003,25.160004,-80.383294,7473,5,/geo_groups/FL003.csv,FL-003
FL,FL004,25.418395,-80.501215,3006,2,/geo_groups/FL004.csv,FL-004
FL,FL005,25.448190,-80.477967,3794,7,/geo_groups/FL005.csv,FL-005
FL,FL006,25.776107,-80.266223,26605,290,/geo_groups/FL006.csv,FL-006
FL,FL007,25.860233,-80.135579,11325,15,/geo_groups/FL007.csv,FL-007
FL,FL008,26.078935,-80.262398,24579,656,/geo_groups/FL008.csv,FL-008
FL,FL009,26.094231,-80.131392,22017,139,/geo_groups/FL009.csv,FL-009
FL,FL010,26.171666,-81.733908,17770,83,/geo_groups/FL010.csv,FL-010
FL,FL011,26.192140,-81.526130,7465,2,/geo_groups/FL011.csv,FL-011
FL,FL012,26.279493,-80.233876,11394,69,/geo_groups/FL012.csv,FL-012
FL,FL013,26.361837,-80.984618,20688,6,/geo_groups/FL013.csv,FL-013
FL,FL014,26.423331,-81.436114,22197,29,/geo_groups/FL014.csv,FL-014
FL,FL015,26.485781,-80.079384,29623,123,/geo_groups/FL015.csv,FL-015
FL,FL016,26.492716,-81.814252,35025,88,/geo_groups/FL016.csv,FL-016
FL,FL017,26.513016,-81.973674,24096,40,/geo_groups/FL017.csv,FL-017
FL,FL018,26.656957,-81.763981,24610,96,/geo_groups/FL018.csv,FL-018
FL,FL019,26.661110,-80.714485,3001,2,/geo_groups/FL019.csv,FL-019
FL,FL020,26.698657,-80.248197,20954,26,/geo_groups/FL020.csv,FL-020
FL,FL021,26.727755,-81.978917,27674,69,/geo_groups/FL021.csv,FL-021
FL,FL022,26.736233,-81.005275,21799,15,/geo_groups/FL022.csv,FL-022
FL,FL023,26.747313,-81.428638,24632,29,/geo_groups/FL023.csv,FL-023
FL,FL024,26.751184,-80.082130,25091,225,/geo_groups/FL024.csv,FL-024
FL,FL025,26.973183,-80.102847,13380,8,/geo_groups/FL025.csv,FL-025
FL,FL026,27.034955,-82.137343,32914,102,/geo_groups/FL026.csv,FL-026
FL,FL027,27.042835,-81.340650,4412,2,/geo_groups/FL027.csv,FL-027
FL,FL028,27.140099,-80.990524,20790,8,/geo_groups/FL028.csv,FL-028
FL,FL029,27.145967,-82.419722,25843,63,/geo_groups/FL029.csv,FL-029
FL,FL030,27.163612,-80.733613,26033,6,/geo_groups/FL030.csv,FL-030
FL,FL031,27.182020,-81.856112,18603,16,/geo_groups/FL031.csv,FL-031
FL,FL032,27.217872,-80.316066,24439,92,/geo_groups/FL032.csv,FL-032
FL,FL033,27.417059,-82.498051,28321,192,/geo_groups/FL033.csv,FL-033
FL,FL034,27.472455,-80.380228,23292,152,/geo_groups/FL034.csv,FL-034
FL,FL035,27.475384,-81.455707,23652,18,/geo_groups/FL035.csv,FL-035
FL,FL036,27.505156,-82.670718,19232,18,/geo_groups/FL036.csv,FL-036
FL,FL037,27.506975,-81.772679,26321,13,/geo_groups/FL037.csv,FL-037
FL,FL038,27.512270,-80.954620,19119,2,/geo_groups/FL038.csv,FL-038
FL,FL039,27.553730,-81.933886,13320,5,/geo_groups/FL039.csv,FL-039
FL,FL040,27.583433,-80.594736,34641,9,/geo_groups/FL040.csv,FL-040
FL,FL041,27.736917,-80.428289,17715,40,/geo_groups/FL041.csv,FL-041
FL,FL042,27.823121,-81.459006,27953,7,/geo_groups/FL042.csv,FL-042
FL,FL043,27.830486,-82.707544,22991,176,/geo_groups/FL043.csv,FL-043
FL,FL044,27.893830,-82.378317,28429,186,/geo_groups/FL044.csv,FL-044
FL,FL045,27.922047,-81.747769,32591,59,/geo_groups/FL045.csv,FL-045
FL,FL046,27.927700,-80.624243,25995,48,/geo_groups/FL046.csv,FL-046
FL,FL047,27.956237,-82.030976,37069,51,/geo_groups/FL047.csv,FL-047
FL,FL048,28.083069,-82.032200,34711,133,/geo_groups/FL048.csv,FL-048
FL,FL049,28.097302,-80.639278,27178,96,/geo_groups/FL049.csv,FL-049
FL,FL050,28.131480,-82.443372,30041,168,/geo_groups/FL050.csv,FL-050
FL,FL051,28.149466,-81.716993,28793,117,/geo_groups/FL051.csv,FL-051
FL,FL052,28.179261,-82.714457,23553,81,/geo_groups/FL052.csv,FL-052
FL,FL053,28.206686,-81.063849,23358,10,/geo_groups/FL053.csv,FL-053
FL,FL054,28.280885,-81.391488,33361,90,/geo_groups/FL054.csv,FL-054
FL,FL055,28.422847,-82.637152,7638,4,/geo_groups/FL055.csv,FL-055
FL,FL056,28.504774,-82.150690,21257,13,/geo_groups/FL056.csv,FL-056
FL,FL057,28.506852,-82.477888,21796,39,/geo_groups/FL057.csv,FL-057
FL,FL058,28.510904,-80.783857,26407,64,/geo_groups/FL058.csv,FL-058
FL,FL059,28.520582,-81.703734,22839,50,/geo_groups/FL059.csv,FL-059
FL,FL060,28.547820,-81.377460,27472,411,/geo_groups/FL060.csv,FL-060
FL,FL061,28.576523,-81.135172,31145,32,/geo_groups/FL061.csv,FL-061
FL,FL062,28.854112,-81.688403,23404,39,/geo_groups/FL062.csv,FL-062
FL,FL063,28.859256,-82.469092,13817,5,/geo_groups/FL063.csv,FL-063
FL,FL064,28.868413,-81.306402,30462,160,/geo_groups/FL064.csv,FL-064
FL,FL065,28.883646,-82.025545,23123,20,/geo_groups/FL065.csv,FL-065
FL,FL066,28.964004,-80.969528,29424,87,/geo_groups/FL066.csv,FL-066
FL,FL067,29.021920,-82.669065,3032,2,/geo_groups/FL067.csv,FL-067
FL,FL068,29.068010,-82.453340,3000,1,/geo_groups/FL068.csv,FL-068
FL,FL069,29.106989,-81.331962,22448,26,/geo_groups/FL069.csv,FL-069
FL,FL070,29.154545,-82.155854,15976,17,/geo_groups/FL070.csv,FL-070
FL,FL071,29.174827,-81.035754,25851,87,/geo_groups/FL071.csv,FL-071
FL,FL072,29.187890,-81.770295,3003,2,/geo_groups/FL072.csv,FL-072
FL,FL073,29.340960,-83.134150,3000,1,/geo_groups/FL073.csv,FL-073
FL,FL074,29.449724,-81.162856,14664,5,/geo_groups/FL074.csv,FL-074
FL,FL075,29.607699,-81.332769,27193,34,/geo_groups/FL075.csv,FL-075
FL,FL076,29.620926,-82.820361,25171,19,/geo_groups/FL076.csv,FL-076
FL,FL077,29.630858,-82.065507,25124,6,/geo_groups/FL077.csv,FL-077
FL,FL078,29.638582,-81.677796,19698,22,/geo_groups/FL078.csv,FL-078
FL,FL079,29.638761,-82.374551,25335,134,/geo_groups/FL079.csv,FL-079
FL,FL080,29.640487,-83.123397,4868,3,/geo_groups/FL080.csv,FL-080
FL,FL081,29.664480,-83.379070,3000,1,/geo_groups/FL081.csv,FL-081
FL,FL082,29.706980,-85.139757,19643,3,/geo_groups/FL082.csv,FL-082
FL,FL083,29.713583,-84.931386,11373,8,/geo_groups/FL083.csv,FL-083
FL,FL084,29.760575,-84.833020,3008,2,/geo_groups/FL084.csv,FL-084
FL,FL085,29.883278,-82.448372,26630,22,/geo_groups/FL085.csv,FL-085
FL,FL086,29.897554,-82.778327,23622,18,/geo_groups/FL086.csv,FL-086
FL,FL087,29.902407,-85.301061,26019,14,/geo_groups/FL087.csv,FL-087
FL,FL088,29.936352,-82.035320,23775,32,/geo_groups/FL088.csv,FL-088
FL,FL089,29.937218,-81.402398,26389,129,/geo_groups/FL089.csv,FL-089
FL,FL090,29.946371,-84.481192,20195,14,/geo_groups/FL090.csv,FL-090
FL,FL091,29.949480,-83.473412,27882,6,/geo_groups/FL091.csv,FL-091
FL,FL092,29.954300,-85.428890,3000,1,/geo_groups/FL092.csv,FL-092
FL,FL093,29.990453,-83.139023,29630,3,/geo_groups/FL093.csv,FL-093
FL,FL094,30.023700,-81.728609,23350,55,/geo_groups/FL094.csv,FL-094
FL,FL095,30.138151,-83.589753,19865,7,/geo_groups/FL095.csv,FL-095
FL,FL096,30.191955,-85.650123,31126,109,/geo_groups/FL096.csv,FL-096
FL,FL097,30.220802,-82.412343,20347,6,/geo_groups/FL097.csv,FL-097
FL,FL098,30.223952,-81.707432,27761,189,/geo_groups/FL098.csv,FL-098
FL,FL099,30.230041,-82.714453,29140,41,/geo_groups/FL099.csv,FL-099
FL,FL100,30.235264,-85.870357,26627,59,/geo_groups/FL100.csv,FL-100
FL,FL101,30.235886,-81.455991,19773,98,/geo_groups/FL101.csv,FL-101
FL,FL102,30.250120,-82.084773,23273,22,/geo_groups/FL102.csv,FL-102
FL,FL103,30.257181,-84.431470,31266,26,/geo_groups/FL103.csv,FL-103
FL,FL104,30.281887,-87.517177,3063,3,/geo_groups/FL104.csv,FL-104
FL,FL105,30.312101,-83.042338,26827,24,/geo_groups/FL105.csv,FL-105
FL,FL106,30.318285,-85.297313,18601,4,/geo_groups/FL106.csv,FL-106
FL,FL107,30.320264,-83.916325,23038,8,/geo_groups/FL107.csv,FL-107
FL,FL108,30.372569,-86.256811,19586,43,/geo_groups/FL108.csv,FL-108
FL,FL109,30.385359,-84.257487,30886,134,/geo_groups/FL109.csv,FL-109
FL,FL110,30.394162,-87.247170,26852,40,/geo_groups/FL110.csv,FL-110
FL,FL111,30.395623,-86.988518,20036,18,/geo_groups/FL111.csv,FL-111
FL,FL112,30.421083,-86.612778,17658,39,/geo_groups/FL112.csv,FL-112
FL,FL113,30.439086,-84.908850,16708,5,/geo_groups/FL113.csv,FL-113
FL,FL114,30.486502,-84.248753,26252,70,/geo_groups/FL114.csv,FL-114
FL,FL115,30.518121,-87.263211,28109,91,/geo_groups/FL115.csv,FL-115
FL,FL116,30.552401,-84.467628,20203,22,/geo_groups/FL116.csv,FL-116
FL,FL117,30.553770,-83.176563,12206,4,/geo_groups/FL117.csv,FL-117
FL,FL118,30.567216,-81.671873,22277,42,/geo_groups/FL118.csv,FL-118
FL,FL119,30.567756,-83.870778,16492,23,/geo_groups/FL119.csv,FL-119
FL,FL120,30.574399,-87.054458,16769,26,/geo_groups/FL120.csv,FL-120
FL,FL121,30.595937,-84.873954,17870,9,/geo_groups/FL121.csv,FL-121
FL,FL122,30.623860,-86.229924,28761,69,/geo_groups/FL122.csv,FL-122
FL,FL123,30.625435,-85.987075,24031,15,/geo_groups/FL123.csv,FL-123
FL,FL124,30.628474,-86.557617,26359,67,/geo_groups/FL124.csv,FL-124
FL,FL125,30.630814,-81.529864,11111,17,/geo_groups/FL125.csv,FL-125
FL,FL126,30.651915,-83.642470,3002,2,/geo_groups/FL126.csv,FL-126
FL,FL127,30.710345,-85.240633,27951,12,/geo_groups/FL127.csv,FL-127
FL,FL128,30.733495,-85.628977,17560,14,/geo_groups/FL128.csv,FL-128
FL,FL129,30.774863,-81.979345,3165,4,/geo_groups/FL129.csv,FL-129
FL,FL130,30.869880,-85.946230,3000,1,/geo_groups/FL130.csv,FL-130
FL,FL131,30.878820,-85.161330,3000,1,/geo_groups/FL131.csv,FL-131
FL,FL132,30.915457,-86.637650,17262,3,/geo_groups/FL132.csv,FL-132
FL,FL133,30.933610,-85.556867,21654,4,/geo_groups/FL133.csv,FL-133
FL,FL134,30.981405,-87.257790,3013,2,/geo_groups/FL134.csv,FL-134
FL,FL135,30.993007,-86.191687,14202,3,/geo_groups/FL135.csv,FL-135
GA,GA001,30.684100,-83.208840,3000,1,/geo_groups/GA001.csv,GA-001
GA,GA002,30.696810,-83.312970,3000,1,/geo_groups/GA002.csv,GA-002
GA,GA003,30.754473,-84.456327,11512,3,/geo_groups/GA003.csv,GA-003
GA,GA004,30.772630,-84.073250,3590,2,/geo_groups/GA004.csv,GA-004
GA,GA005,30.781945,-83.865630,15318,2,/geo_groups/GA005.csv,GA-005
GA,GA006,30.785477,-81.645210,3138,3,/geo_groups/GA006.csv,GA-006
GA,GA007,30.864531,-83.277121,21657,15,/geo_groups/GA007.csv,GA-007
GA,GA008,30.880866,-84.461186,13056,5,/geo_groups/GA008.csv,GA-008
GA,GA009,30.924322,-83.908096,32908,36,/geo_groups/GA009.csv,GA-009
GA,GA010,30.937698,-83.371104,25242,17,/geo_groups/GA010.csv,GA-010
GA,GA011,30.944366,-84.141784,21814,8,/geo_groups/GA011.csv,GA-011
GA,GA012,31.011520,-84.868715,15284,31,/geo_groups/GA012.csv,GA-012
GA,GA013,31.098385,-82.067845,8833,2,/geo_groups/GA013.csv,GA-013
GA,GA014,31.118101,-81.432618,9934,9,/geo_groups/GA014.csv,GA-014
GA,GA015,31.139466,-81.578071,5425,9,/geo_groups/GA015.csv,GA-015
GA,GA016,31.190370,-84.518120,3000,1,/geo_groups/GA016.csv,GA-016
GA,GA017,31.215020,-83.751670,32941,11,/geo_groups/GA017.csv,GA-017
GA,GA018,31.240538,-81.479701,30532,59,/geo_groups/GA018.csv,GA-018
GA,GA019,31.264547,-82.355732,21666,6,/geo_groups/GA019.csv,GA-019
GA,GA020,31.290099,-81.674821,20899,14,/geo_groups/GA020.csv,GA-020
GA,GA021,31.317144,-84.255751,18309,7,/geo_groups/GA021.csv,GA-021
GA,GA022,31.331432,-82.080331,24799,14,/geo_groups/GA022.csv,GA-022
GA,GA023,31.383995,-84.922975,5893,2,/geo_groups/GA023.csv,GA-023
GA,GA024,31.407119,-83.509756,31769,19,/geo_groups/GA024.csv,GA-024
GA,GA025,31.451128,-82.854510,11596,4,/geo_groups/GA025.csv,GA-025
GA,GA026,31.475220,-83.125170,3000,1,/geo_groups/GA026.csv,GA-026
GA,GA027,31.574163,-84.982583,16974,3,/geo_groups/GA027.csv,GA-027
GA,GA028,31.578305,-83.849544,31661,14,/geo_groups/GA028.csv,GA-028
GA,GA029,31.593990,-82.775545,13060,2,/geo_groups/GA029.csv,GA-029
GA,GA030,31.600610,-81.929080,3000,1,/geo_groups/GA030.csv,GA-030
GA,GA031,31.634779,-84.183927,17540,46,/geo_groups/GA031.csv,GA-031
GA,GA032,31.639808,-83.198471,26420,13,/geo_groups/GA032.csv,GA-032
GA,GA033,31.643458,-83.426170,16678,5,/geo_groups/GA033.csv,GA-033
GA,GA034,31.659818,-81.400311,23297,10,/geo_groups/GA034.csv,GA-034
GA,GA035,31.748803,-81.700621,30629,19,/geo_groups/GA035.csv,GA-035
GA,GA036,31.759090,-84.431310,3000,1,/geo_groups/GA036.csv,GA-036
GA,GA037,31.779220,-85.091830,3000,1,/geo_groups/GA037.csv,GA-037
GA,GA038,31.923850,-83.843750,3000,1,/geo_groups/GA038.csv,GA-038
GA,GA039,31.959750,-81.746670,24217,3,/geo_groups/GA039.csv,GA-039
GA,GA040,31.974585,-83.464485,18213,2,/geo_groups/GA040.csv,GA-040
GA,GA041,32.006328,-80.846381,4664,12,/geo_groups/GA041.csv,GA-041
GA,GA042,32.025785,-82.023720,14627,2,/geo_groups/GA042.csv,GA-042
GA,GA043,32.065141,-84.224131,7175,7,/geo_groups/GA043.csv,GA-043
GA,GA044,32.065516,-81.115360,29162,128,/geo_groups/GA044.csv,GA-044
GA,GA045,32.088115,-81.290590,30956,100,/geo_groups/GA045.csv,GA-045
GA,GA046,32.177310,-83.179520,3000,1,/geo_groups/GA046.csv,GA-046
GA,GA047,32.186949,-82.361529,9507,7,/geo_groups/GA047.csv,GA-047
GA,GA048,32.232071,-82.381816,38126,27,/geo_groups/GA048.csv,GA-048
GA,GA049,32.243478,-81.187735,9808,11,/geo_groups/GA049.csv,GA-049
GA,GA050,32.285021,-84.075756,26751,22,/geo_groups/GA050.csv,GA-050
GA,GA051,32.298092,-81.304516,33630,32,/geo_groups/GA051.csv,GA-051
GA,GA052,32.395435,-81.989290,10541,2,/geo_groups/GA052.csv,GA-052
GA,GA053,32.401060,-81.757164,25747,49,/geo_groups/GA053.csv,GA-053
GA,GA054,32.413297,-83.531591,23653,14,/geo_groups/GA054.csv,GA-054
GA,GA055,32.428783,-83.101572,26888,13,/geo_groups/GA055.csv,GA-055
GA,GA056,32.471230,-83.723690,18528,47,/geo_groups/GA056.csv,GA-056
GA,GA057,32.482274,-84.956428,15242,148,/geo_groups/GA057.csv,GA-057
GA,GA058,32.517674,-82.876929,28257,14,/geo_groups/GA058.csv,GA-058
GA,GA059,32.576082,-82.928787,6275,4,/geo_groups/GA059.csv,GA-059
GA,GA060,32.607305,-82.357255,6849,6,/geo_groups/GA060.csv,GA-060
GA,GA061,32.616157,-83.027060,11428,4,/geo_groups/GA061.csv,GA-061
GA,GA062,32.632993,-84.926881,29914,23,/geo_groups/GA062.csv,GA-062
GA,GA063,32.715833,-84.132423,26683,6,/geo_groups/GA063.csv,GA-063
GA,GA064,32.748960,-81.635974,5204,5,/geo_groups/GA064.csv,GA-064
GA,GA065,32.750407,-83.598695,30512,35,/geo_groups/GA065.csv,GA-065
GA,GA066,32.762437,-83.704981,26467,111,/geo_groups/GA066.csv,GA-066
GA,GA067,32.769130,-85.096210,13739,2,/geo_groups/GA067.csv,GA-067
GA,GA068,32.863630,-84.480445,14747,2,/geo_groups/GA068.csv,GA-068
GA,GA069,32.998399,-83.817122,31712,19,/geo_groups/GA069.csv,GA-069
GA,GA070,33.039139,-83.518150,22443,19,/geo_groups/GA070.csv,GA-070
GA,GA071,33.059781,-83.201635,19475,18,/geo_groups/GA071.csv,GA-071
GA,GA072,33.064996,-84.471902,24228,12,/geo_groups/GA072.csv,GA-072
GA,GA073,33.081178,-84.973755,29310,73,/geo_groups/GA073.csv,GA-073
GA,GA074,33.091560,-85.129457,20508,3,/geo_groups/GA074.csv,GA-074
GA,GA075,33.153118,-84.211865,32055,55,/geo_groups/GA075.csv,GA-075
GA,GA076,33.183075,-82.048875,19451,8,/geo_groups/GA076.csv,GA-076
GA,GA077,33.213955,-82.395770,3102,2,/geo_groups/GA077.csv,GA-077
GA,GA078,33.368170,-82.827980,12137,2,/geo_groups/GA078.csv,GA-078
GA,GA079,33.407137,-83.270017,18397,3,/geo_groups/GA079.csv,GA-079
GA,GA080,33.435792,-84.824463,29837,67,/geo_groups/GA080.csv,GA-080
GA,GA081,33.448512,-84.509315,24746,241,/geo_groups/GA081.csv,GA-081
GA,GA082,33.469026,-83.483070,25221,22,/geo_groups/GA082.csv,GA-082
GA,GA083,33.469412,-82.063615,23059,255,/geo_groups/GA083.csv,GA-083
GA,GA084,33.476258,-82.423364,28873,34,/geo_groups/GA084.csv,GA-084
GA,GA085,33.480372,-83.872376,30865,60,/geo_groups/GA085.csv,GA-085
GA,GA086,33.483504,-84.218036,32260,194,/geo_groups/GA086.csv,GA-086
GA,GA087,33.542231,-85.103177,33867,56,/geo_groups/GA087.csv,GA-087
GA,GA088,33.633710,-82.286914,10171,5,/geo_groups/GA088.csv,GA-088
GA,GA089,33.678330,-85.128549,25486,28,/geo_groups/GA089.csv,GA-089
GA,GA090,33.733671,-82.736389,5656,15,/geo_groups/GA090.csv,GA-090
GA,GA091,33.787043,-83.857398,28739,181,/geo_groups/GA091.csv,GA-091
GA,GA092,33.792260,-84.815783,31387,123,/geo_groups/GA092.csv,GA-092
GA,GA093,33.820720,-84.466316,30628,973,/geo_groups/GA093.csv,GA-093
GA,GA094,33.839438,-84.219808,33212,909,/geo_groups/GA094.csv,GA-094
GA,GA095,33.852733,-83.138285,30166,8,/geo_groups/GA095.csv,GA-095
GA,GA096,33.886894,-83.432955,35750,75,/geo_groups/GA096.csv,GA-096
GA,GA097,34.049648,-84.199295,31283,708,/geo_groups/GA097.csv,GA-097
GA,GA098,34.050195,-83.442776,30934,93,/geo_groups/GA098.csv,GA-098
GA,GA099,34.065474,-84.514066,30249,409,/geo_groups/GA099.csv,GA-099
GA,GA100,34.090587,-83.884628,26566,274,/geo_groups/GA100.csv,GA-100
GA,GA101,34.122059,-83.190676,25856,15,/geo_groups/GA101.csv,GA-101
GA,GA102,34.127621,-84.835397,26906,91,/geo_groups/GA102.csv,GA-102
GA,GA103,34.188587,-85.430325,14690,4,/geo_groups/GA103.csv,GA-103
GA,GA104,34.195022,-85.214273,29124,57,/geo_groups/GA104.csv,GA-104
GA,GA105,34.346734,-82.882932,10658,5,/geo_groups/GA105.csv,GA-105
GA,GA106,34.365300,-84.087172,27668,42,/geo_groups/GA106.csv,GA-106
GA,GA107,34.416176,-84.928625,31698,29,/geo_groups/GA107.csv,GA-107
GA,GA108,34.418871,-84.478580,27782,53,/geo_groups/GA108.csv,GA-108
GA,GA109,34.430304,-83.854397,26948,46,/geo_groups/GA109.csv,GA-109
GA,GA110,34.434247,-85.207645,20856,11,/geo_groups/GA110.csv,GA-110
GA,GA111,34.453744,-83.488539,24674,21,/geo_groups/GA111.csv,GA-111
GA,GA112,34.454213,-83.154852,23049,26,/geo_groups/GA112.csv,GA-112
GA,GA113,34.722223,-84.476882,34231,16,/geo_groups/GA113.csv,GA-113
GA,GA114,34.796292,-84.884471,24657,32,/geo_groups/GA114.csv,GA-114
GA,GA115,34.899585,-84.254735,22135,4,/geo_groups/GA115.csv,GA-115
GA,GA116,34.908197,-83.851342,16488,9,/geo_groups/GA116.csv,GA-116
GA,GA117,34.931896,-85.258699,23165,22,/geo_groups/GA117.csv,GA-117
GA,GA118,34.934500,-83.388323,10812,4,/geo_groups/GA118.csv,GA-118
MA,MA001,41.518140,-70.488025,16969,2,/geo_groups/MA001.csv,MA-001
MA,MA002,41.640337,-70.961514,9735,14,/geo_groups/MA002.csv,MA-002
MA,MA003,41.683585,-70.250130,11141,6,/geo_groups/MA003.csv,MA-003
MA,MA004,41.803078,-70.611565,18101,16,/geo_groups/MA004.csv,MA-004
MA,MA005,41.822119,-71.212962,24851,65,/geo_groups/MA005.csv,MA-005
MA,MA006,41.827561,-70.901702,25834,23,/geo_groups/MA006.csv,MA-006
MA,MA007,42.139188,-72.580329,27336,94,/geo_groups/MA007.csv,MA-007
MA,MA008,42.151652,-72.323458,17820,14,/geo_groups/MA008.csv,MA-008
MA,MA009,42.192308,-71.210143,26484,108,/geo_groups/MA009.csv,MA-009
MA,MA010,42.200015,-70.964064,28137,111,/geo_groups/MA010.csv,MA-010
MA,MA011,42.208066,-71.851973,24723,34,/geo_groups/MA011.csv,MA-011
MA,MA012,42.209779,-71.549662,26499,79,/geo_groups/MA012.csv,MA-012
MA,MA013,42.221920,-72.919363,11457,3,/geo_groups/MA013.csv,MA-013
MA,MA014,42.297490,-73.244420,3008,2,/geo_groups/MA014.csv,MA-014
MA,MA015,42.464247,-70.978482,17626,81,/geo_groups/MA015.csv,MA-015
MA,MA016,42.483970,-71.945660,19562,2,/geo_groups/MA016.csv,MA-016
MA,MA017,42.489287,-72.549120,25595,3,/geo_groups/MA017.csv,MA-017
MA,MA018,42.512232,-71.201094,24265,175,/geo_groups/MA018.csv,MA-018
MA,MA019,42.526829,-71.576016,26325,34,/geo_groups/MA019.csv,MA-019
MA,MA020,42.739050,-71.135450,10909,25,/geo_groups/MA020.csv,MA-020
MA,MA021,42.762560,-71.043840,3000,1,/geo_groups/MA021.csv,MA-021
MD,MD001,38.045990,-75.551265,6551,2,/geo_groups/MD001.csv,MD-001
MD,MD002,38.321456,-76.476947,11462,7,/geo_groups/MD002.csv,MD-002
MD,MD003,38.360079,-75.606968,8596,27,/geo_groups/MD003.csv,MD-003
MD,MD004,38.365060,-76.971740,3000,1,/geo_groups/MD004.csv,MD-004
MD,MD005,38.388019,-75.576711,7744,21,/geo_groups/MD005.csv,MD-005
MD,MD006,38.389486,-75.079038,9651,5,/geo_groups/MD006.csv,MD-006
MD,MD007,38.617916,-76.593100,16218,9,/geo_groups/MD007.csv,MD-007
MD,MD008,38.712720,-75.830700,3025,2,/geo_groups/MD008.csv,MD-008
MD,MD009,38.745406,-76.113116,11247,5,/geo_groups/MD009.csv,MD-009
MD,MD010,38.757053,-76.887661,26797,37,/geo_groups/MD010.csv,MD-010
MD,MD011,38.809075,-77.001925,4299,2,/geo_groups/MD011.csv,MD-011
MD,MD012,39.040891,-76.799782,28288,185,/geo_groups/MD012.csv,MD-012
MD,MD013,39.057795,-76.048705,3212,2,/geo_groups/MD013.csv,MD-013
MD,MD014,39.061965,-77.173159,18775,33,/geo_groups/MD014.csv,MD-014
MD,MD015,39.075939,-76.569345,26240,113,/geo_groups/MD015.csv,MD-015
MD,MD016,39.247869,-77.227931,31155,7,/geo_groups/MD016.csv,MD-016
MD,MD017,39.330849,-76.785612,32536,46,/geo_groups/MD017.csv,MD-017
MD,MD018,39.353921,-76.534128,27983,106,/geo_groups/MD018.csv,MD-018
MD,MD019,39.405380,-75.776460,3000,1,/geo_groups/MD019.csv,MD-019
MD,MD020,39.441165,-79.379605,3079,2,/geo_groups/MD020.csv,MD-020
MD,MD021,39.447572,-77.433298,25062,60,/geo_groups/MD021.csv,MD-021
MD,MD022,39.475412,-76.249323,10950,6,/geo_groups/MD022.csv,MD-022
MD,MD023,39.580296,-76.966280,13969,7,/geo_groups/MD023.csv,MD-023
MD,MD024,39.592606,-76.114584,17434,10,/geo_groups/MD024.csv,MD-024
MD,MD025,39.603269,-75.873021,10431,7,/geo_groups/MD025.csv,MD-025
MD,MD026,39.638985,-77.760475,9023,15,/geo_groups/MD026.csv,MD-026
MD,MD027,39.643010,-77.602397,19485,6,/geo_groups/MD027.csv,MD-027
MD,MD028,39.644577,-78.865090,11673,4,/geo_groups/MD028.csv,MD-028
MD,MD029,39.700183,-78.178474,4793,7,/geo_groups/MD029.csv,MD-029
ME,ME001,43.165569,-70.649847,6496,7,/geo_groups/ME001.csv,ME-001
ME,ME002,43.639406,-70.380571,17466,9,/geo_groups/ME002.csv,ME-002
ME,ME003,43.669748,-70.296669,11165,11,/geo_groups/ME003.csv,ME-003
ME,ME004,44.086975,-70.221426,9658,14,/geo_groups/ME004.csv,ME-004
ME,ME005,44.109716,-70.203206,6168,5,/geo_groups/ME005.csv,ME-005
ME,ME006,44.349610,-69.796345,3002,2,/geo_groups/ME006.csv,ME-006
ME,ME007,44.368810,-68.330670,3000,1,/geo_groups/ME007.csv,ME-007
ME,ME008,44.623710,-69.322480,3000,1,/geo_groups/ME008.csv,ME-008
ME,ME009,44.670640,-70.151280,3000,1,/geo_groups/ME009.csv,ME-009
ME,ME010,44.791480,-68.776670,3000,1,/geo_groups/ME010.csv,ME-010
ME,ME011,44.825915,-68.741152,6481,4,/geo_groups/ME011.csv,ME-011
NC,NC001,33.895447,-78.548277,10812,6,/geo_groups/NC001.csv,NC-001
NC,NC002,34.118767,-78.370760,19281,3,/geo_groups/NC002.csv,NC-002
NC,NC003,34.131540,-78.551265,25209,2,/geo_groups/NC003.csv,NC-003
NC,NC004,34.174114,-77.905760,22597,44,/geo_groups/NC004.csv,NC-004
NC,NC005,34.304258,-78.192130,3457,5,/geo_groups/NC005.csv,NC-005
NC,NC006,34.337238,-77.836038,19355,16,/geo_groups/NC006.csv,NC-006
NC,NC007,34.431061,-77.586682,10044,9,/geo_groups/NC007.csv,NC-007
NC,NC008,34.478878,-78.648132,23703,9,/geo_groups/NC008.csv,NC-008
NC,NC009,34.525652,-78.981545,32126,15,/geo_groups/NC009.csv,NC-009
NC,NC010,34.577250,-79.143957,11167,4,/geo_groups/NC010.csv,NC-010
NC,NC011,34.711091,-77.207920,16234,7,/geo_groups/NC011.csv,NC-011
NC,NC012,34.732935,-76.792055,9135,4,/geo_groups/NC012.csv,NC-012
NC,NC013,34.769456,-77.448080,13887,15,/geo_groups/NC013.csv,NC-013
NC,NC014,34.830931,-79.213469,21638,19,/geo_groups/NC014.csv,NC-014
NC,NC015,34.864360,-78.987264,27856,28,/geo_groups/NC015.csv,NC-015
NC,NC016,34.893079,-79.695078,29329,18,/geo_groups/NC016.csv,NC-016
NC,NC017,34.923630,-80.394894,20072,5,/geo_groups/NC017.csv,NC-017
NC,NC018,34.954191,-80.720473,21057,58,/geo_groups/NC018.csv,NC-018
NC,NC019,34.963091,-80.063360,5220,8,/geo_groups/NC019.csv,NC-019
NC,NC020,34.987693,-78.212130,14632,4,/geo_groups/NC020.csv,NC-020
NC,NC021,34.992880,-83.823530,9329,3,/geo_groups/NC021.csv,NC-021
NC,NC022,35.006090,-78.090490,3000,1,/geo_groups/NC022.csv,NC-022
NC,NC023,35.042357,-83.890287,9825,3,/geo_groups/NC023.csv,NC-023
NC,NC024,35.098760,-84.018453,3182,3,/geo_groups/NC024.csv,NC-024
NC,NC025,35.142446,-78.987487,29077,43,/geo_groups/NC025.csv,NC-025
NC,NC026,35.144508,-77.087584,21352,5,/geo_groups/NC026.csv,NC-026
NC,NC027,35.146864,-80.702887,27717,210,/geo_groups/NC027.csv,NC-027
NC,NC028,35.164302,-83.403238,16808,9,/geo_groups/NC028.csv,NC-028
NC,NC029,35.166665,-79.360247,30030,27,/geo_groups/NC029.csv,NC-029
NC,NC030,35.168214,-79.467796,18609,17,/geo_groups/NC030.csv,NC-030
NC,NC031,35.182718,-80.988969,26986,150,/geo_groups/NC031.csv,NC-031
NC,NC032,35.194500,-80.113000,3000,1,/geo_groups/NC032.csv,NC-032
NC,NC033,35.204435,-83.227595,17259,4,/geo_groups/NC033.csv,NC-033
NC,NC034,35.233953,-82.705342,26136,12,/geo_groups/NC034.csv,NC-034
NC,NC035,35.243866,-80.380263,25337,16,/geo_groups/NC035.csv,NC-035
NC,NC036,35.253680,-77.609472,15152,9,/geo_groups/NC036.csv,NC-036
NC,NC037,35.256260,-81.345728,20252,22,/geo_groups/NC037.csv,NC-037
NC,NC038,35.263003,-77.822478,25184,10,/geo_groups/NC038.csv,NC-038
NC,NC039,35.274281,-82.151930,24660,21,/geo_groups/NC039.csv,NC-039
NC,NC040,35.292510,-81.775038,25241,23,/geo_groups/NC040.csv,NC-040
NC,NC041,35.317330,-82.448529,16309,30,/geo_groups/NC041.csv,NC-041
NC,NC042,35.318289,-78.643431,7703,14,/geo_groups/NC042.csv,NC-042
NC,NC043,35.421086,-79.153689,15312,7,/geo_groups/NC043.csv,NC-043
NC,NC044,35.470438,-83.314323,11731,23,/geo_groups/NC044.csv,NC-044
NC,NC045,35.475314,-81.722177,29490,10,/geo_groups/NC045.csv,NC-045
NC,NC046,35.487329,-80.746494,34215,103,/geo_groups/NC046.csv,NC-046
NC,NC047,35.496250,-83.098034,25777,26,/geo_groups/NC047.csv,NC-047
NC,NC048,35.518826,-82.005951,23851,20,/geo_groups/NC048.csv,NC-048
NC,NC049,35.525072,-80.930261,30776,97,/geo_groups/NC049.csv,NC-049
NC,NC050,35.528127,-81.328534,26495,41,/geo_groups/NC050.csv,NC-050
NC,NC051,35.539328,-78.285839,29013,22,/geo_groups/NC051.csv,NC-051
NC,NC052,35.545059,-82.507430,24987,65,/geo_groups/NC052.csv,NC-052
NC,NC053,35.557750,-82.703877,23824,21,/geo_groups/NC053.csv,NC-053
NC,NC054,35.569970,-77.455529,29515,32,/geo_groups/NC054.csv,NC-054
NC,NC055,35.570082,-77.231913,18335,12,/geo_groups/NC055.csv,NC-055
NC,NC056,35.578835,-77.863306,25905,10,/geo_groups/NC056.csv,NC-056
NC,NC057,35.594214,-78.620427,27527,45,/geo_groups/NC057.csv,NC-057
NC,NC058,35.602045,-80.413572,27416,13,/geo_groups/NC058.csv,NC-058
NC,NC059,35.607461,-78.823411,27061,43,/geo_groups/NC059.csv,NC-059
NC,NC060,35.622022,-79.777186,32666,5,/geo_groups/NC060.csv,NC-060
NC,NC061,35.643200,-79.916733,20367,3,/geo_groups/NC061.csv,NC-061
NC,NC062,35.742451,-79.168139,5221,9,/geo_groups/NC062.csv,NC-062
NC,NC063,35.785184,-80.949748,30283,43,/geo_groups/NC063.csv,NC-063
NC,NC064,35.806080,-82.771703,14004,4,/geo_groups/NC064.csv,NC-064
NC,NC065,35.813990,-81.417887,26056,73,/geo_groups/NC065.csv,NC-065
NC,NC066,35.828501,-81.642535,18265,13,/geo_groups/NC066.csv,NC-066
NC,NC067,35.831649,-78.257238,23283,11,/geo_groups/NC067.csv,NC-067
NC,NC068,35.834213,-78.592740,27581,182,/geo_groups/NC068.csv,NC-068
NC,NC069,35.840162,-82.509848,27978,17,/geo_groups/NC069.csv,NC-069
NC,NC070,35.845500,-77.051260,3000,1,/geo_groups/NC070.csv,NC-070
NC,NC071,35.846645,-77.875675,24015,48,/geo_groups/NC071.csv,NC-071
NC,NC072,35.849313,-76.752293,4890,3,/geo_groups/NC072.csv,NC-072
NC,NC073,35.869471,-80.679971,23872,21,/geo_groups/NC073.csv,NC-073
NC,NC074,35.881002,-75.583319,7345,9,/geo_groups/NC074.csv,NC-074
NC,NC075,35.882421,-80.296098,24497,51,/geo_groups/NC075.csv,NC-075
NC,NC076,35.889746,-82.072931,23949,18,/geo_groups/NC076.csv,NC-076
NC,NC077,35.892738,-79.765773,24075,6,/geo_groups/NC077.csv,NC-077
NC,NC078,35.894593,-78.913753,23906,129,/geo_groups/NC078.csv,NC-078
NC,NC079,35.905527,-77.525341,5362,7,/geo_groups/NC079.csv,NC-079
NC,NC080,35.935460,-79.985023,23631,25,/geo_groups/NC080.csv,NC-080
NC,NC081,35.985309,-75.665851,13664,22,/geo_groups/NC081.csv,NC-081
NC,NC082,36.064185,-76.620385,3558,4,/geo_groups/NC082.csv,NC-082
NC,NC083,36.096563,-79.916423,20055,26,/geo_groups/NC083.csv,NC-083
NC,NC084,36.098210,-79.374039,30290,37,/geo_groups/NC084.csv,NC-084
NC,NC085,36.099563,-80.280637,14239,15,/geo_groups/NC085.csv,NC-085
NC,NC086,36.110603,-82.116333,15418,3,/geo_groups/NC086.csv,NC-086
NC,NC087,36.124032,-79.610856,31758,64,/geo_groups/NC087.csv,NC-087
NC,NC088,36.127212,-75.736380,14815,13,/geo_groups/NC088.csv,NC-088
NC,NC089,36.153415,-81.120893,18745,11,/geo_groups/NC089.csv,NC-089
NC,NC090,36.176869,-78.324540,22614,27,/geo_groups/NC090.csv,NC-090
NC,NC091,36.187965,-81.269058,32115,8,/geo_groups/NC091.csv,NC-091
NC,NC092,36.199922,-81.695713,19001,29,/geo_groups/NC092.csv,NC-092
NC,NC093,36.206250,-77.387110,3000,1,/geo_groups/NC093.csv,NC-093
NC,NC094,36.245466,-78.553507,25192,45,/geo_groups/NC094.csv,NC-094
NC,NC095,36.277747,-76.975828,5836,10,/geo_groups/NC095.csv,NC-095
NC,NC096,36.295070,-78.939507,31594,11,/geo_groups/NC096.csv,NC-096
NC,NC097,36.299802,-80.779570,9555,4,/geo_groups/NC097.csv,NC-097
NC,NC098,36.430170,-78.431505,3003,2,/geo_groups/NC098.csv,NC-098
NC,NC099,36.437497,-76.883993,4906,4,/geo_groups/NC099.csv,NC-099
NC,NC100,36.442203,-76.610153,3505,3,/geo_groups/NC100.csv,NC-100
NC,NC101,36.444718,-77.640193,7359,10,/geo_groups/NC101.csv,NC-101
NC,NC102,36.448714,-78.934316,10784,5,/geo_groups/NC102.csv,NC-102
NC,NC103,36.477330,-80.447750,3000,1,/geo_groups/NC103.csv,NC-103
NC,NC104,36.500786,-80.639830,19181,7,/geo_groups/NC104.csv,NC-104
NC,NC105,36.502990,-79.132120,6454,2,/geo_groups/NC105.csv,NC-105
NC,NC106,36.550460,-76.192520,3000,1,/geo_groups/NC106.csv,NC-106
NH,NH001,42.881595,-71.322845,3008,2,/geo_groups/NH001.csv,NH-001
NH,NH002,42.922115,-71.462498,21164,15,/geo_groups/NH002.csv,NH-002
NH,NH003,42.963804,-70.862880,15888,24,/geo_groups/NH003.csv,NH-003
NH,NH004,43.085365,-71.473741,3046,14,/geo_groups/NH004.csv,NH-004
NH,NH005,43.206645,-70.903447,12086,4,/geo_groups/NH005.csv,NH-005
NJ,NJ001,39.017474,-74.877724,6933,5,/geo_groups/NJ001.csv,NJ-001
NJ,NJ002,39.022597,-74.933617,3022,3,/geo_groups/NJ002.csv,NJ-002
NJ,NJ003,39.379184,-74.472249,17328,37,/geo_groups/NJ003.csv,NJ-003
NJ,NJ004,39.385924,-74.629791,23530,17,/geo_groups/NJ004.csv,NJ-004
NJ,NJ005,39.405859,-75.072925,22547,15,/geo_groups/NJ005.csv,NJ-005
NJ,NJ006,39.702569,-74.305440,23787,24,/geo_groups/NJ006.csv,NJ-006
NJ,NJ007,39.709940,-74.862080,3000,1,/geo_groups/NJ007.csv,NJ-007
NJ,NJ008,39.747455,-75.311782,26711,4,/geo_groups/NJ008.csv,NJ-008
NJ,NJ009,39.780171,-75.093231,20031,113,/geo_groups/NJ009.csv,NJ-009
NJ,NJ010,39.783120,-74.186162,17401,6,/geo_groups/NJ010.csv,NJ-010
NJ,NJ011,39.944968,-75.014099,19522,47,/geo_groups/NJ011.csv,NJ-011
NJ,NJ012,40.052351,-74.301346,26713,27,/geo_groups/NJ012.csv,NJ-012
NJ,NJ013,40.082380,-74.760929,27609,33,/geo_groups/NJ013.csv,NJ-013
NJ,NJ014,40.119646,-74.107592,23288,29,/geo_groups/NJ014.csv,NJ-014
NJ,NJ015,40.344420,-74.112943,14768,41,/geo_groups/NJ015.csv,NJ-015
NJ,NJ016,40.461626,-74.379661,29880,229,/geo_groups/NJ016.csv,NJ-016
NJ,NJ017,40.463662,-74.697695,26502,115,/geo_groups/NJ017.csv,NJ-017
NJ,NJ018,40.501365,-75.047480,15255,2,/geo_groups/NJ018.csv,NJ-018
NJ,NJ019,40.655181,-75.031958,15385,8,/geo_groups/NJ019.csv,NJ-019
NJ,NJ020,40.728973,-74.363426,30501,276,/geo_groups/NJ020.csv,NJ-020
NJ,NJ021,40.745555,-74.686002,24041,53,/geo_groups/NJ021.csv,NJ-021
NJ,NJ022,40.810811,-74.072782,20866,102,/geo_groups/NJ022.csv,NJ-022
NJ,NJ023,41.000843,-74.285254,10012,10,/geo_groups/NJ023.csv,NJ-023
NJ,NJ024,41.008521,-74.109557,14832,8,/geo_groups/NJ024.csv,NJ-024
NJ,NJ025,41.039361,-74.654111,11673,15,/geo_groups/NJ025.csv,NJ-025
NY,NY001,40.531840,-74.227187,6370,7,/geo_groups/NY001.csv,NY-001
NY,NY002,40.576796,-74.032727,17299,34,/geo_groups/NY002.csv,NY-002
NY,NY003,40.589866,-73.811931,6378,16,/geo_groups/NY003.csv,NY-003
NY,NY004,40.716510,-73.800482,21111,202,/geo_groups/NY004.csv,NY-004
NY,NY005,40.728606,-73.952524,27268,783,/geo_groups/NY005.csv,NY-005
RI,RI001,41.361230,-71.808490,3000,1,/geo_groups/RI001.csv,RI-001
RI,RI002,41.498331,-71.310196,5165,7,/geo_groups/RI002.csv,RI-002
RI,RI003,41.508654,-71.501929,20851,21,/geo_groups/RI003.csv,RI-003
RI,RI004,41.797280,-71.786790,3000,1,/geo_groups/RI004.csv,RI-004
RI,RI005,41.827577,-71.454378,25962,149,/geo_groups/RI005.csv,RI-005
RI,RI006,41.842624,-71.372929,12627,42,/geo_groups/RI006.csv,RI-006
RI,RI007,42.006126,-71.496455,9369,11,/geo_groups/RI007.csv,RI-007
SC,SC001,32.172520,-80.747663,7822,3,/geo_groups/SC001.csv,SC-001
SC,SC002,32.195600,-81.029890,3000,1,/geo_groups/SC002.csv,SC-002
SC,SC003,32.303418,-80.981240,24766,42,/geo_groups/SC003.csv,SC-003
SC,SC004,32.337690,-80.465150,3017,2,/geo_groups/SC004.csv,SC-004
SC,SC005,32.361105,-80.718582,20418,37,/geo_groups/SC005.csv,SC-005
SC,SC006,32.673230,-80.866115,6797,2,/geo_groups/SC006.csv,SC-006
SC,SC007,32.684473,-80.365020,12392,3,/geo_groups/SC007.csv,SC-007
SC,SC008,32.798230,-79.957914,19555,83,/geo_groups/SC008.csv,SC-008
SC,SC009,32.829135,-80.668183,26161,10,/geo_groups/SC009.csv,SC-009
SC,SC010,32.883628,-79.756098,5572,4,/geo_groups/SC010.csv,SC-010
SC,SC011,33.026317,-79.577337,20140,3,/geo_groups/SC011.csv,SC-011
SC,SC012,33.044873,-80.044029,27506,59,/geo_groups/SC012.csv,SC-012
SC,SC013,33.060897,-80.652617,21773,10,/geo_groups/SC013.csv,SC-013
SC,SC014,33.073842,-80.203259,16044,20,/geo_groups/SC014.csv,SC-014
SC,SC015,33.204593,-79.397553,8462,3,/geo_groups/SC015.csv,SC-015
SC,SC016,33.257630,-81.335400,3000,1,/geo_groups/SC016.csv,SC-016
SC,SC017,33.323372,-79.572185,14957,4,/geo_groups/SC017.csv,SC-017
SC,SC018,33.324092,-79.952925,5807,4,/geo_groups/SC018.csv,SC-018
SC,SC019,33.384851,-79.300123,21977,10,/geo_groups/SC019.csv,SC-019
SC,SC020,33.417135,-80.334590,19849,2,/geo_groups/SC020.csv,SC-020
SC,SC021,33.469012,-80.655639,28717,12,/geo_groups/SC021.csv,SC-021
SC,SC022,33.503145,-80.877229,6505,11,/geo_groups/SC022.csv,SC-022
SC,SC023,33.508255,-81.711155,3093,2,/geo_groups/SC023.csv,SC-023
SC,SC024,33.514116,-81.983090,6287,5,/geo_groups/SC024.csv,SC-024
SC,SC025,33.539919,-79.054653,8480,7,/geo_groups/SC025.csv,SC-025
SC,SC026,33.729414,-79.157941,23567,10,/geo_groups/SC026.csv,SC-026
SC,SC027,33.784530,-80.722685,22013,2,/geo_groups/SC027.csv,SC-027
SC,SC028,33.806747,-79.016637,27226,49,/geo_groups/SC028.csv,SC-028
SC,SC029,33.809456,-81.054832,29053,14,/geo_groups/SC029.csv,SC-029
SC,SC030,33.845830,-81.657064,3831,5,/geo_groups/SC030.csv,SC-030
SC,SC031,33.860299,-78.679732,13695,14,/geo_groups/SC031.csv,SC-031
SC,SC032,33.884780,-79.450520,3000,1,/geo_groups/SC032.csv,SC-032
SC,SC033,33.887044,-80.335563,36375,24,/geo_groups/SC033.csv,SC-033
SC,SC034,33.889540,-80.021350,3000,1,/geo_groups/SC034.csv,SC-034
SC,SC035,33.906852,-81.238548,6719,5,/geo_groups/SC035.csv,SC-035
SC,SC036,33.984584,-80.338419,29613,29,/geo_groups/SC036.csv,SC-036
SC,SC037,34.062731,-81.268605,25012,21,/geo_groups/SC037.csv,SC-037
SC,SC038,34.068455,-78.887715,4409,2,/geo_groups/SC038.csv,SC-038
SC,SC039,34.074229,-81.034108,21718,103,/geo_groups/SC039.csv,SC-039
SC,SC040,34.148477,-79.284262,20355,6,/geo_groups/SC040.csv,SC-040
SC,SC041,34.175854,-79.752095,27724,33,/geo_groups/SC041.csv,SC-041
SC,SC042,34.191589,-79.836335,21017,22,/geo_groups/SC042.csv,SC-042
SC,SC043,34.192520,-82.395893,9322,4,/geo_groups/SC043.csv,SC-043
SC,SC044,34.204674,-82.151497,24342,65,/geo_groups/SC044.csv,SC-044
SC,SC045,34.209466,-80.686810,17527,23,/geo_groups/SC045.csv,SC-045
SC,SC046,34.283245,-81.590435,3128,4,/geo_groups/SC046.csv,SC-046
SC,SC047,34.363049,-80.074642,6949,8,/geo_groups/SC047.csv,SC-047
SC,SC048,34.395080,-80.163320,3000,1,/geo_groups/SC048.csv,SC-048
SC,SC049,34.417444,-79.370669,5999,10,/geo_groups/SC049.csv,SC-049
SC,SC050,34.431070,-81.041107,22986,3,/geo_groups/SC050.csv,SC-050
SC,SC051,34.486282,-81.822784,24642,5,/geo_groups/SC051.csv,SC-051
SC,SC052,34.521161,-82.034291,23237,28,/geo_groups/SC052.csv,SC-052
SC,SC053,34.522626,-82.668686,18167,19,/geo_groups/SC053.csv,SC-053
SC,SC054,34.534168,-80.713988,26866,4,/geo_groups/SC054.csv,SC-054
SC,SC055,34.591873,-82.369327,15718,3,/geo_groups/SC055.csv,SC-055
SC,SC056,34.596230,-81.427140,3000,1,/geo_groups/SC056.csv,SC-056
SC,SC057,34.621690,-83.028255,8165,2,/geo_groups/SC057.csv,SC-057
SC,SC058,34.698436,-79.896417,5410,30,/geo_groups/SC058.csv,SC-058
SC,SC059,34.703468,-83.025127,11025,14,/geo_groups/SC059.csv,SC-059
SC,SC060,34.714505,-82.803168,26830,40,/geo_groups/SC060.csv,SC-060
SC,SC061,34.741122,-81.217723,30078,17,/geo_groups/SC061.csv,SC-061
SC,SC062,34.761330,-80.382252,5292,4,/geo_groups/SC062.csv,SC-062
SC,SC063,34.769968,-80.767686,28354,38,/geo_groups/SC063.csv,SC-063
SC,SC064,34.846554,-82.395663,23430,155,/geo_groups/SC064.csv,SC-064
SC,SC065,34.872923,-81.012238,29410,45,/geo_groups/SC065.csv,SC-065
SC,SC066,34.894878,-82.102892,27440,53,/geo_groups/SC066.csv,SC-066
SC,SC067,34.909949,-81.829030,20230,8,/geo_groups/SC067.csv,SC-067
SC,SC068,35.025123,-82.476823,7772,3,/geo_groups/SC068.csv,SC-068
SC,SC069,35.052703,-80.959943,27733,57,/geo_groups/SC069.csv,SC-069
SC,SC070,35.085617,-81.315667,22849,6,/geo_groups/SC070.csv,SC-070
SC,SC071,35.091235,-81.664345,3056,2,/geo_groups/SC071.csv,SC-071
SC,SC072,35.098922,-82.066022,17164,9,/geo_groups/SC072.csv,SC-072
VA,VA001,36.577230,-77.992930,3000,1,/geo_groups/VA001.csv,VA-001
VA,VA002,36.597465,-79.407026,9352,18,/geo_groups/VA002.csv,VA-002
VA,VA003,36.602020,-79.583400,15486,2,/geo_groups/VA003.csv,VA-003
VA,VA004,36.604640,-77.166710,3000,1,/geo_groups/VA004.csv,VA-004
VA,VA005,36.618310,-82.169569,26672,9,/geo_groups/VA005.csv,VA-005
VA,VA006,36.620083,-82.562803,4573,3,/geo_groups/VA006.csv,VA-006
VA,VA007,36.630300,-81.786740,3525,2,/geo_groups/VA007.csv,VA-007
VA,VA008,36.630940,-80.728643,13280,3,/geo_groups/VA008.csv,VA-008
VA,VA009,36.641402,-78.587468,18761,8,/geo_groups/VA009.csv,VA-009
VA,VA010,36.659746,-76.879647,18971,13,/geo_groups/VA010.csv,VA-010
VA,VA011,36.668815,-77.556908,17847,11,/geo_groups/VA011.csv,VA-011
VA,VA012,36.671660,-80.894815,13392,11,/geo_groups/VA012.csv,VA-012
VA,VA013,36.691578,-76.197799,26278,11,/geo_groups/VA013.csv,VA-013
VA,VA014,36.692440,-79.883071,8167,16,/geo_groups/VA014.csv,VA-014
VA,VA015,36.697250,-78.888294,22795,5,/geo_groups/VA015.csv,VA-015
VA,VA016,36.698332,-78.160182,23593,9,/geo_groups/VA016.csv,VA-016
VA,VA017,36.725382,-76.572070,29143,41,/geo_groups/VA017.csv,VA-017
VA,VA018,36.760527,-83.020107,3791,3,/geo_groups/VA018.csv,VA-018
VA,VA019,36.823020,-82.141650,3000,1,/geo_groups/VA019.csv,VA-019
VA,VA020,36.835360,-78.478545,10983,4,/geo_groups/VA020.csv,VA-020
VA,VA021,36.863377,-76.229735,28015,296,/geo_groups/VA021.csv,VA-021
VA,VA022,36.865480,-76.721104,16431,8,/geo_groups/VA022.csv,VA-022
VA,VA023,36.867593,-82.765345,5646,4,/geo_groups/VA023.csv,VA-023
VA,VA024,36.879090,-77.449515,26847,6,/geo_groups/VA024.csv,VA-024
VA,VA025,36.889790,-81.317238,19039,5,/geo_groups/VA025.csv,VA-025
VA,VA026,36.914070,-78.185637,20450,8,/geo_groups/VA026.csv,VA-026
VA,VA027,36.933442,-80.736337,22043,13,/geo_groups/VA027.csv,VA-027
VA,VA028,36.939217,-80.329228,12033,4,/geo_groups/VA028.csv,VA-028
VA,VA029,36.940959,-76.405283,29762,404,/geo_groups/VA029.csv,VA-029
VA,VA030,36.944000,-81.063776,13341,9,/geo_groups/VA030.csv,VA-030
VA,VA031,36.962806,-82.530220,22787,5,/geo_groups/VA031.csv,VA-031
VA,VA032,36.968688,-79.902624,22875,14,/geo_groups/VA032.csv,VA-032
VA,VA033,37.037889,-81.748943,30640,7,/geo_groups/VA033.csv,VA-033
VA,VA034,37.041130,-79.732367,12992,3,/geo_groups/VA034.csv,VA-034
VA,VA035,37.076745,-78.016155,3485,2,/geo_groups/VA035.csv,VA-035
VA,VA036,37.158810,-82.414765,8257,2,/geo_groups/VA036.csv,VA-036
VA,VA037,37.172898,-76.517442,30716,88,/geo_groups/VA037.csv,VA-037
VA,VA038,37.201352,-80.646888,28720,24,/geo_groups/VA038.csv,VA-038
VA,VA039,37.204397,-80.417648,12363,35,/geo_groups/VA039.csv,VA-039
VA,VA040,37.241957,-81.256873,6312,9,/geo_groups/VA040.csv,VA-040
VA,VA041,37.247125,-78.244130,21881,4,/geo_groups/VA041.csv,VA-041
VA,VA042,37.253275,-75.970912,18830,14,/geo_groups/VA042.csv,VA-042
VA,VA043,37.256880,-82.105020,3000,1,/geo_groups/VA043.csv,VA-043
VA,VA044,37.262167,-78.494195,21111,4,/geo_groups/VA044.csv,VA-044
VA,VA045,37.276878,-79.975345,26712,54,/geo_groups/VA045.csv,VA-045
VA,VA046,37.286367,-76.727726,24268,67,/geo_groups/VA046.csv,VA-046
VA,VA047,37.286956,-77.273079,29705,30,/geo_groups/VA047.csv,VA-047
VA,VA048,37.311461,-79.599725,23315,11,/geo_groups/VA048.csv,VA-048
VA,VA049,37.340124,-77.471941,26884,90,/geo_groups/VA049.csv,VA-049
VA,VA050,37.344034,-77.828680,33670,8,/geo_groups/VA050.csv,VA-050
VA,VA051,37.346264,-79.203268,30119,32,/geo_groups/VA051.csv,VA-051
VA,VA052,37.364820,-75.921801,14549,7,/geo_groups/VA052.csv,VA-052
VA,VA053,37.397710,-78.853555,6905,2,/geo_groups/VA053.csv,VA-053
VA,VA054,37.498745,-76.427750,4091,2,/geo_groups/VA054.csv,VA-054
VA,VA055,37.536000,-79.094730,3000,1,/geo_groups/VA055.csv,VA-055
VA,VA056,37.548648,-77.271051,26107,29,/geo_groups/VA056.csv,VA-056
VA,VA057,37.549627,-76.813281,32671,8,/geo_groups/VA057.csv,VA-057
VA,VA058,37.551300,-78.168274,25959,5,/geo_groups/VA058.csv,VA-058
VA,VA059,37.562178,-77.493197,23312,281,/geo_groups/VA059.csv,VA-059
VA,VA060,37.569147,-79.223327,32295,3,/geo_groups/VA060.csv,VA-060
VA,VA061,37.570015,-77.833841,25008,15,/geo_groups/VA061.csv,VA-061
VA,VA062,37.588836,-75.797448,30760,32,/geo_groups/VA062.csv,VA-062
VA,VA063,37.592480,-79.629910,3000,1,/geo_groups/VA063.csv,VA-063
VA,VA064,37.773527,-78.537810,12262,3,/geo_groups/VA064.csv,VA-064
VA,VA065,37.794500,-75.581640,3000,1,/geo_groups/VA065.csv,VA-065
VA,VA066,37.807707,-77.156893,15688,3,/geo_groups/VA066.csv,VA-066
VA,VA067,37.963625,-75.451535,10860,8,/geo_groups/VA067.csv,VA-067
VA,VA068,37.968632,-76.782164,10850,5,/geo_groups/VA068.csv,VA-068
VA,VA069,37.988192,-78.530260,25612,5,/geo_groups/VA069.csv,VA-069
VA,VA070,38.079413,-77.515957,9857,3,/geo_groups/VA070.csv,VA-070
VA,VA071,38.084870,-77.825560,3000,1,/geo_groups/VA071.csv,VA-071
VA,VA072,38.087757,-78.986454,31992,12,/geo_groups/VA072.csv,VA-072
VA,VA073,38.104912,-78.194423,17056,9,/geo_groups/VA073.csv,VA-073
VA,VA074,38.152660,-79.111650,3000,1,/geo_groups/VA074.csv,VA-074
VA,VA075,38.253347,-76.976643,5735,3,/geo_groups/VA075.csv,VA-075
VA,VA076,38.271866,-77.164299,19200,16,/geo_groups/VA076.csv,VA-076
VA,VA077,38.284825,-78.238448,21590,13,/geo_groups/VA077.csv,VA-077
VA,VA078,38.322294,-77.471709,20750,35,/geo_groups/VA078.csv,VA-078
VA,VA079,38.388623,-78.882074,33532,43,/geo_groups/VA079.csv,VA-079
VA,VA080,38.451102,-78.623716,8700,5,/geo_groups/VA080.csv,VA-080
VA,VA081,38.474008,-77.990206,6412,14,/geo_groups/VA081.csv,VA-081
VA,VA082,38.585337,-77.812513,26789,9,/geo_groups/VA082.csv,VA-082
VA,VA083,38.617642,-78.792260,6071,12,/geo_groups/VA083.csv,VA-083
VA,VA084,38.676743,-78.582310,21784,25,/geo_groups/VA084.csv,VA-084
VA,VA085,38.679517,-78.161957,20565,3,/geo_groups/VA085.csv,VA-085
VA,VA086,38.776002,-77.174402,28473,219,/geo_groups/VA086.csv,VA-086
VA,VA087,38.784000,-77.515572,24479,58,/geo_groups/VA087.csv,VA-087
VA,VA088,38.870386,-78.531253,10154,12,/geo_groups/VA088.csv,VA-088
VA,VA089,38.888865,-77.209577,17986,139,/geo_groups/VA089.csv,VA-089
VA,VA090,38.913023,-77.915017,18785,3,/geo_groups/VA090.csv,VA-090
VA,VA091,38.958345,-77.426825,24690,111,/geo_groups/VA091.csv,VA-091
VA,VA092,38.994374,-78.252252,22644,21,/geo_groups/VA092.csv,VA-092
VA,VA093,39.222743,-78.133677,3133,3,/geo_groups/VA093.csv,VA-093
